username,password_hash
admin_sec11,7df6bd40a05829b644ffb7feae6cb95073bba206b4d4931f7086d61cc21a9f9585b85bb87116c628e3a155d9d6c4fbdb6e309f56c6c27c43e099a70c61f6ef6a
analyst_net,089f7f06a8d4783b68f9e98be10c1e1a19a39410c9a6c8b91845e821e2ace1948d02b1fd62d21a43e753f4c930fc77575d166cb7473267443da63422198f0cf4
dev_ops_2023,954e4b19b8c9d19776586d51a08a813bf17d8d3b072d6f8dadde9fe8a304a344dca0fc8805e68cd465351bf902086fea8af95f2b0033411a211c385a35efa25f
auditor_kpi,fd3b74aa5d9949cf92749d6dc26f3c05300b350bdded0344af0de82792a0280c0804539d9f6bc109e81968cdc055e948a728302b1b5e90c55fbd40ebf2234382
guest_user1,4af6116ac4a459e9016a5eeb2a840c27823fb2c4ada75d60b494794c4fd6b358e3f8329b2e1363134dab4c2c3ace230827b311c8f7fc70b02d0a3ae4f71b290c
manager_itx,e460eb7111b2f3744b477433348bfbc57bbdad2b73d11032a2a9e72d9489a48f83527fe345e8a4ab3a44f7653d9a0f5ed519b1cd0f18277de18f64af081b25d6
support_tech,fc003d19e32acfc404d3e5d474b237ef0f4b14da8d1668befba59b6d955d3afdbf037cdb130975e3370e5ca296dc7e999ad7b597dda365e0d06080dfc51cc7d0
tester_qa_01,4714c2883cd5a7995b1f5c3af8141af98fac16c7f902f0ff1334177b2cbd61b7a83c7771822be6fc609e4ff2edd5a2f221de9243678b10071369ffb3dfafc274
lead_architect,fb1031bb82f02ea91e6059548afddf457680462f77b9d88eec58df1c93568c6548170d4c83bd94c3654a05183ac4512c3f6f85cf7f5c05ef6be58084753c0279
system_root_9,068421c739800b294ab6ceb603fd4498a2112d9bfecedfd4e15125835ae9b8ae1228305560ddfbcb1232db9f5013bff1c0a25f1f1c812596cdf2c032cdf24cb8
